INSERT INTO lectors (id,firstname, lastname, degree, salary) VALUES (1,'Mykhailo', 'Antoniuk', 'PROFESSOR', 3600);
INSERT INTO lectors (id,firstname, lastname, degree, salary) VALUES (2,'Jacob', 'Thomas', 'PROFESSOR', 4000);
INSERT INTO lectors (id,firstname, lastname, degree, salary) VALUES (3,'Bob', 'Smith', 'PROFESSOR', 3000);
INSERT INTO lectors (id,firstname, lastname, degree, salary) VALUES (4,'David', 'Lee', 'PROFESSOR', 2800);
INSERT INTO lectors (id,firstname, lastname, degree, salary) VALUES (5,'Michael', 'Jones', 'PROFESSOR', 3200);

INSERT INTO lectors (id,firstname, lastname, degree, salary) VALUES (6,'John', 'Doe', 'ASSISTANT', 1500);
INSERT INTO lectors (id,firstname, lastname, degree, salary) VALUES (7,'Jane', 'Doe', 'ASSOCIATE_PROFESSOR', 2000);
INSERT INTO lectors (id,firstname, lastname, degree, salary) VALUES (8,'Alice', 'Johnson', 'ASSOCIATE_PROFESSOR', 1800);
INSERT INTO lectors (id,firstname, lastname, degree, salary) VALUES (9,'Sarah', 'Brown', 'ASSISTANT', 1600);
INSERT INTO lectors (id,firstname, lastname, degree, salary) VALUES (10,'Emily', 'Davis', 'ASSOCIATE_PROFESSOR', 1900);

INSERT INTO lectors (id,firstname, lastname, degree, salary) VALUES (11,'Andrew', 'Taylor', 'ASSISTANT', 1700);
INSERT INTO lectors (id,firstname, lastname, degree, salary) VALUES (12,'Rachel', 'Wilson', 'PROFESSOR', 3400);
INSERT INTO lectors (id,firstname, lastname, degree, salary) VALUES (13,'Kevin', 'Johnson', 'ASSISTANT', 1400);
INSERT INTO lectors (id,firstname, lastname, degree, salary) VALUES (14,'Olivia', 'Miller', 'ASSOCIATE_PROFESSOR', 2200);
INSERT INTO lectors (id,firstname, lastname, degree, salary) VALUES (15,'William', 'Anderson', 'PROFESSOR', 3600);

INSERT INTO lectors (id,firstname, lastname, degree, salary) VALUES (16,'Chloe', 'Martin', 'ASSOCIATE_PROFESSOR', 2100);
INSERT INTO lectors (id,firstname, lastname, degree, salary) VALUES (17,'Steven', 'Clark', 'PROFESSOR', 3200);
INSERT INTO lectors (id,firstname, lastname, degree, salary) VALUES (18,'Grace', 'Taylor', 'ASSISTANT', 1500);
INSERT INTO lectors (id,firstname, lastname, degree, salary) VALUES (19,'Brandon', 'Wilson', 'PROFESSOR', 2800);
INSERT INTO lectors (id,firstname, lastname, degree, salary) VALUES (20,'Avery', 'Johnson', 'ASSOCIATE_PROFESSOR', 1900);

INSERT INTO lectors (id,firstname, lastname, degree, salary) VALUES (21,'Benjamin', 'Garcia', 'PROFESSOR', 3400);
INSERT INTO lectors (id,firstname, lastname, degree, salary) VALUES (22,'Isabella', 'Smith', 'ASSOCIATE_PROFESSOR', 2000);
INSERT INTO lectors (id,firstname, lastname, degree, salary) VALUES (23,'Christopher', 'Roberts', 'PROFESSOR', 3800);
INSERT INTO lectors (id,firstname, lastname, degree, salary) VALUES (24,'Sophia', 'Anderson', 'ASSISTANT', 1600);
INSERT INTO lectors (id,firstname, lastname, degree, salary) VALUES (25,'Madison', 'Harris', 'ASSOCIATE_PROFESSOR', 2100);

INSERT INTO departments (name, head_of_department_id) VALUES ('computer science', 1);
INSERT INTO departments (name, head_of_department_id) VALUES ('physics', 2);
INSERT INTO departments (name, head_of_department_id) VALUES ('mathematics', 3);
INSERT INTO departments (name, head_of_department_id) VALUES ('english', 4);
INSERT INTO departments (name, head_of_department_id) VALUES ('history', 5);

INSERT INTO departments_personnel (department_name, personnel_id) VALUES ('computer science', 1);
INSERT INTO departments_personnel (department_name, personnel_id) VALUES ('computer science', 2);
INSERT INTO departments_personnel (department_name, personnel_id) VALUES ('computer science', 3);
INSERT INTO departments_personnel (department_name, personnel_id) VALUES ('computer science', 4);
INSERT INTO departments_personnel (department_name, personnel_id) VALUES ('computer science', 5);

INSERT INTO departments_personnel (department_name, personnel_id) VALUES ('computer science', 6);
INSERT INTO departments_personnel (department_name, personnel_id) VALUES ('computer science', 7);
INSERT INTO departments_personnel (department_name, personnel_id) VALUES ('computer science', 8);
INSERT INTO departments_personnel (department_name, personnel_id) VALUES ('computer science', 9);
INSERT INTO departments_personnel (department_name, personnel_id) VALUES ('computer science', 10);

INSERT INTO departments_personnel (department_name, personnel_id) VALUES ('physics', 1);
INSERT INTO departments_personnel (department_name, personnel_id) VALUES ('physics', 2);
INSERT INTO departments_personnel (department_name, personnel_id) VALUES ('physics', 3);
INSERT INTO departments_personnel (department_name, personnel_id) VALUES ('physics', 4);
INSERT INTO departments_personnel (department_name, personnel_id) VALUES ('physics', 5);

INSERT INTO departments_personnel (department_name, personnel_id) VALUES ('physics', 6);
INSERT INTO departments_personnel (department_name, personnel_id) VALUES ('physics', 7);
INSERT INTO departments_personnel (department_name, personnel_id) VALUES ('physics', 8);
INSERT INTO departments_personnel (department_name, personnel_id) VALUES ('physics', 9);
INSERT INTO departments_personnel (department_name, personnel_id) VALUES ('physics', 10);

INSERT INTO departments_personnel (department_name, personnel_id) VALUES ('mathematics', 1);
INSERT INTO departments_personnel (department_name, personnel_id) VALUES ('mathematics', 2);
INSERT INTO departments_personnel (department_name, personnel_id) VALUES ('mathematics', 3);
INSERT INTO departments_personnel (department_name, personnel_id) VALUES ('mathematics', 4);
INSERT INTO departments_personnel (department_name, personnel_id) VALUES ('mathematics', 5);

INSERT INTO departments_personnel (department_name, personnel_id) VALUES ('mathematics', 6);
INSERT INTO departments_personnel (department_name, personnel_id) VALUES ('mathematics', 7);
INSERT INTO departments_personnel (department_name, personnel_id) VALUES ('mathematics', 8);
INSERT INTO departments_personnel (department_name, personnel_id) VALUES ('mathematics', 9);
INSERT INTO departments_personnel (department_name, personnel_id) VALUES ('mathematics', 10);

INSERT INTO departments_personnel (department_name, personnel_id) VALUES ('english', 1);
INSERT INTO departments_personnel (department_name, personnel_id) VALUES ('english', 2);
INSERT INTO departments_personnel (department_name, personnel_id) VALUES ('english', 3);
INSERT INTO departments_personnel (department_name, personnel_id) VALUES ('english', 4);
INSERT INTO departments_personnel (department_name, personnel_id) VALUES ('english', 5);

INSERT INTO departments_personnel (department_name, personnel_id) VALUES ('english', 6);
INSERT INTO departments_personnel (department_name, personnel_id) VALUES ('english', 7);
INSERT INTO departments_personnel (department_name, personnel_id) VALUES ('english', 8);
INSERT INTO departments_personnel (department_name, personnel_id) VALUES ('english', 9);
INSERT INTO departments_personnel (department_name, personnel_id) VALUES ('english', 10);

INSERT INTO departments_personnel (department_name, personnel_id) VALUES ('history', 1);
INSERT INTO departments_personnel (department_name, personnel_id) VALUES ('history', 2);
INSERT INTO departments_personnel (department_name, personnel_id) VALUES ('history', 3);
INSERT INTO departments_personnel (department_name, personnel_id) VALUES ('history', 4);
INSERT INTO departments_personnel (department_name, personnel_id) VALUES ('history', 5);

INSERT INTO departments_personnel (department_name, personnel_id) VALUES ('history', 6);
INSERT INTO departments_personnel (department_name, personnel_id) VALUES ('history', 7);
INSERT INTO departments_personnel (department_name, personnel_id) VALUES ('history', 8);
INSERT INTO departments_personnel (department_name, personnel_id) VALUES ('history', 9);
INSERT INTO departments_personnel (department_name, personnel_id) VALUES ('history', 10);

INSERT INTO departments_personnel (department_name, personnel_id) VALUES ('computer science', 11);
INSERT INTO departments_personnel (department_name, personnel_id) VALUES ('computer science', 12);
INSERT INTO departments_personnel (department_name, personnel_id) VALUES ('computer science', 13);
INSERT INTO departments_personnel (department_name, personnel_id) VALUES ('computer science', 14);
INSERT INTO departments_personnel (department_name, personnel_id) VALUES ('computer science', 15);

INSERT INTO departments_personnel (department_name, personnel_id) VALUES ('computer science', 16);
INSERT INTO departments_personnel (department_name, personnel_id) VALUES ('computer science', 17);
INSERT INTO departments_personnel (department_name, personnel_id) VALUES ('computer science', 18);
INSERT INTO departments_personnel (department_name, personnel_id) VALUES ('computer science', 19);
INSERT INTO departments_personnel (department_name, personnel_id) VALUES ('computer science', 20);

INSERT INTO departments_personnel (department_name, personnel_id) VALUES ('computer science', 21);
INSERT INTO departments_personnel (department_name, personnel_id) VALUES ('computer science', 22);
INSERT INTO departments_personnel (department_name, personnel_id) VALUES ('computer science', 23);
INSERT INTO departments_personnel (department_name, personnel_id) VALUES ('computer science', 24);
INSERT INTO departments_personnel (department_name, personnel_id) VALUES ('computer science', 25);
